fuente,titulo,url,fecha,contenido,relevancia
The Verge,DLSS 5: Has Nvidia’s AI graphics technology gone too far?,https://www.theverge.com/games/896518/nvidia-dlss-5-ai-3d-rendering,2026-03-18T12:25:06Z,"Nvidia has revealed a new “3D guided neural rendering model” called DLSS 5 that can change a game’s lighting and materials in real-time, and… many gamers aren’t happy. From DLSS 5 memes to complaints about how it’s “yassified” Resident Evil Requiem characters in demos, the first impression has not been a good one, no matter how much Nvidia insists that this pursuit of photorealism is still honoring the original artists’ intent.",9
The Verge,Apple is testing a standalone app for its overhauled Siri,https://www.theverge.com/tech/899801/apple-wwdc-2026-new-siri-apple-intelligence-standalone-app,2026-03-24T20:41:24Z,"is a senior reporter who’s been covering and reviewing the latest gadgets and tech since 2006, but has loved all things electronic since he was a kid.

Apple’s efforts to rebuild its Apple Intelligence AI platform will make its debut at its Worldwide Developers Conference on June 8th. A new version of Siri that transforms the voice assistant into a “systemwide AI agent with deep integration across applications” will be announced at WWDC 2026, according to a new report from Bloomberg’s Mark Gurman.

The updated version of Siri will be more capable of controlling other apps and features of iOS and macOS and completing user-requested tasks using their personal data gathered from emails, messages, and notes. It will also be better at summarizing daily news from Apple News and will be able to provide “more detailed responses sourced from the web, including summaries, bullet points and images,” according to Gurman, to make it more competitive with other AI-powered search tools including Perplexity and Google Gemini.

Siri will still be accessible using voice commands or using the iPhone’s power button, but Apple is also testing a dedicated Siri app that will be available on its various devices. The app will help finally give Siri conversational capabilities through a chat-like format that looks similar to the interface Apple Messages uses. The app will provide users with a dedicated place to find their previous interactions with Siri, search through past chats, start new chats, switch between voice and text modes, and upload documents and photos to be analyzed.

Related Apple is planning to use a custom version of Google Gemini for Apple Intelligence

Apple is testing several potential new designs for Siri including placing the assistant at the top of an iPhone’s screen in the Dynamic Island, prompting users with a “Search or Ask” when activated. Once results are ready, the Siri interface will expand into a larger translucent panel that can be further expanded to continue a conversation or make additional inquiries. The company is also working to expand the capabilities of its Spotlight search system by replacing it with Siri so it has access to more types of data, while built-in apps will gain an “Ask Siri” toggle in menus making it easier for users to “request more information about highlighted text or pull

up related emails.“",9
The Verge,Arm’s first CPU ever will plug into Meta’s AI datacenters later this year,https://www.theverge.com/ai-artificial-intelligence/899823/arm-agi-cpu-meta,2026-03-24T20:43:14Z,"is a senior editor following news across tech, culture, policy, and entertainment. He joined The Verge in 2021 after several years covering news at Engadget.

Posts from this author will be added to your daily email digest and your homepage feed.

After decades of only licensing its chip designs for others to use, UK-based Arm revealed the first chip it’s producing on its own, and the first customer. Dubbed the Arm AGI CPU, it’s another chip designed for inference, or running the cloud processing for AI tools like AI agents that can continue to spawn more and more tasks to run at once. The first company in line to use it is Meta, which has reportedly struggled to launch its own AI chips.

Meta says it’s both the lead partner and co-developer, and plans to work on “multiple generations” of the data center CPUs, for use along with hardware from other vendors like Nvidia and AMD. Arm customers like Amazon AWS, Microsoft, Google, Marvell, Nvidia, Samsung, and others included congratulatory notes with the announcement. However, Qualcomm, which said it had achieved “complete victory” over Arm with a court ruling last fall in their case over the terms of licensing agreements, was not one of them.

Financial terms of the deal weren’t revealed, nor was the number of chips Meta plans to use from Arm, which is currently owned by SoftBank.

According to Arm, its new chip runs on the Neoverse platform used by AWS Graviton, Nvidia Vera, Microsoft, and other AI chips, with up to 136 cores per CPU and 64 CPUs per air-cooled server rack. It says the AGI CPU can get twice as much performance per watt as traditional x86 CPUs while reducing memory bottlenecks, taking advantage of the design’s long-running efficiency advantages.

Other customers lined up for Arm’s chip include Cerebras, Cloudflare, F5, OpenAI, Positron, Rebellions, SAP, and SK Telecom. Arm cloud AI head Mohamed Awad told CNBC that its aim is to be an option for companies that can’t afford to make their own in-house processor.",9
Wired,Nvidia Is Planning to Launch an Open-Source AI Agent Platform,https://www.wired.com/story/nvidia-planning-ai-agent-platform-launch-open-source/,2026-03-09T23:11:34Z,"Nvidia is planning to launch an open-source platform for AI agents, people familiar with the company’s plans tell WIRED.

The chipmaker has been pitching the product, referred to as NemoClaw, to enterprise software companies. The platform will allow these companies to dispatch AI agents to perform tasks for their own workforces. Companies will be able to access the platform regardless of whether their products run on Nvidia’s chips, sources say.

The move comes as Nvidia prepares for its annual developer conference in San Jose next week. Ahead of the conference, Nvidia has reached out to companies including Salesforce, Cisco, Google, Adobe, and CrowdStrike to forge partnerships for the agent platform. It’s unclear whether these conversations have resulted in official partnerships. Since the platform is open source, it’s likely that partners would get free, early access in exchange for contributing to the project, sources say. Nvidia plans to offer security and privacy tools as part of this new open-source agent platform.

Nvidia did not respond to a request for comment. Representatives from Cisco, Google, Adobe, and CrowdStrike also did not respond to requests for comment. Salesforce did not provide a statement prior to publication.

Nvidia’s interest in agents comes as people are embracing “claws,” or open-source AI tools that run locally on a user’s machine and perform sequential tasks. Claws are often described as self-learning, in that they’re supposed to automatically improve over time. Earlier this year, an AI agent known as OpenClaw—which was first called Clawdbot, then Moltbot—captivated Silicon Valley due to its ability to run autonomously on personal computers and complete work tasks for users. OpenAI ended up acquiring the project and hiring the creator behind it.

OpenAI and Anthropic have made significant improvements in model reliability in recent years, but their chatbots still require hand-holding. Purpose-built AI agents or claws, on the other hand, are designed to execute multiple steps without as much human supervision.

The usage of claws within enterprise environments is controversial. WIRED previously reported that some tech companies, including Meta, have asked employees to refrain from using OpenClaw on their work computers, due to the unpredictability of the agents and potential security risks. Last month a Meta employee who oversees safety and alignment for the company’s AI lab publicly shared a story about an AI agent going rogue on her machine and mass deleting her emails.

For Nvidia, NemoClaw appears to be part of an effort to court enterprise software companies by offering additional layers of security for AI agents. It’s also another step in the company’s embrace of open-source AI models, part of a broader strategy to maintain its dominance in AI infrastructure at a time when leading AI labs are building their own custom chips. Nvidia’s software strategy until now has been heavily reliant on its CUDA platform, a famously proprietary system that locks developers into building software for Nvidia’s GPUs and has created a crucial “moat” for the company.

Last month The Wall Street Journal reported that Nvidia also plans to reveal a new chip system for inference computing at its developer conference. The system will incorporate a chip designed by the startup Groq, which Nvidia entered into a multibillion-dollar licensing agreement with late last year.

Paresh Dave and Maxwell Zeff contributed to this report.",9
Wired,What AI Models for War Actually Look Like,https://www.wired.com/story/ai-model-military-use-smack-technologies/,2026-03-04T22:00:03Z,"Anthropic might have misgivings about giving the US military unfettered access to its AI models, but some startups are building advanced AI specifically for military applications.

Smack Technologies, which announced a $32 million funding round this week, is developing models that it says will soon surpass Claude’s capabilities when it comes to planning and executing military operations. And, unlike Anthropic, the startup appears less concerned with banning specific types of military use.

“When you serve in the military, you take an oath you're going to serve honorably, lawfully, in accordance with the rules of war,” says CEO Andy Markoff. “To me, the people who deploy the technology and make sure it is used ethically need to be in a uniform.”

Markoff is hardly a regular AI executive. A former commander in the US Marine Forces Special Operations Command, he helped execute high-stakes special forces operations in Iraq and Afghanistan. He cofounded Smack with Clint Alanis, another ex-Marine, and Dan Gould, a computer scientist who previously worked as the VP of technology at Tinder.

Smack’s models learn to identify optimal mission plans through a process of trial and error, similar to how Google trained its 2017 program AlphaGo. In Smack’s case, the strategy involves running the model through various war game scenarios and having expert analysts provide a signal that tells the model if its chosen strategy will pay off. The startup may not have the budget of a conventional frontier AI lab, but it’s spending millions to train its first AI models, Markoff says.

Battle Lines

Military use of AI has become a hot topic in Silicon Valley after officials at the Department of Defense went head-to-head with Anthropic executives over the terms of a roughly $200 million contract.

One of the issues that led to the breakdown, which resulted in defense secretary Pete Hegseth declaring Anthropic a supply chain risk, was Anthropic’s desire to limit the use of its models in autonomous weapons.

Markoff says the furor obscures the fact that today’s large language models are not optimized for military use. General-purpose models like Claude are good at summarizing reports, he says. But they’re not trained on military data and lack a human-level understanding of the physical world, making them ill suited to controlling physical hardware. “I can tell you they are absolutely not capable of target identification,” Markoff claims.

“No one that I'm aware of in the Department of War is talking about fully automating the kill chain,” he claims, referring to the steps involved in making decisions on the use of deadly force.

Mission Scope

The US and other militaries already use autonomous weapons in certain situations, including in missile defense systems that need to react at superhuman speeds.

“The US and over 30 other states are already deploying weapon systems with varying degrees of autonomy, including some I would define as fully autonomous,” claims Rebecca Crootof, an authority on the legal issues surrounding autonomous weapons at the University of Richmond School of Law.

In the future, specialized models like the one Smack is working on could be used for mission planning purposes, too, according to Markoff. The company’s models are meant to help commanders automate much of the drudgery involved in sketching out mission plans. Planning military missions is still typically done manually with whiteboards and notepads, Markoff says.

If the US went to war with a “near peer” such as Russia or China, Markoff says, automated decisionmaking could offer the US a much needed “decision dominance.”

But it’s still an open question whether AI could be used reliably in such circumstances. One recent experiment, run by a researcher at King’s College London, alarmingly showed that LLMs tended to escalate nuclear conflicts in war games.",9
Wired,Signal’s Creator Is Helping Encrypt Meta AI,https://www.wired.com/story/signals-creator-is-helping-encrypt-meta-ai/,2026-03-19T14:09:51Z,"Moxie Marlinspike, the privacy advocate who created the secure communication app Signal and its widely used open source encryption protocol, said this week that his privacy-focused AI platform, Confer, will start incorporating its technology into Meta’s AI systems.

Every day, billions of chat messages sent through Signal, Meta’s WhatsApp, and Apple’s Messages are protected by end-to-end encryption. The feature, which makes it impossible for tech companies and anyone other than the sender and recipient to snoop on your messages, has become mainstream over the past decade. As generative AI platforms explode in popularity, though, people are now also exchanging billions of messages a day with AI chatbots that don’t offer the protection of end-to-end encryption—making it easy for AI firms to access what you talk about.

This is by design, given that platforms often want to train their AI models on as much user data as possible and have made it hard to opt out of having your information used as training data. But as chatbots and AI agents have become more capable, some technologists and companies are pushing to create more constrained and privacy-focused systems.

“As LLMs continue to be able to do more, we should expect even more data to flow into them,” Marlinspike wrote in a short blog post about his collaboration with Meta published on Tuesday. “Right now, none of that data is private. It is shared with AI companies, their employees, hackers, subpoenas, and governments. As is always the case with unencrypted data, it will inevitably end up in the wrong hands.”

Marlinspike wrote that he will “work to integrate Confer’s privacy technology so that it underpins Meta AI.” He also emphasized that Confer, which debuted at the beginning of this year, will continue to operate independent of Meta. The project’s goal, Marlinspike added, is to offer a technology that “allows everyone to get the full power of AI along with the full privacy of an encrypted conversation.”

In 2016, Marlinspike worked with WhatsApp, which is owned by Meta, to roll out end-to-end encryption to more than a billion accounts simultaneously. Over the last year, WhatsApp has introduced a Meta AI chatbot into its app, which isn’t shielded from the company in the same way individual chats are.

“People use AI in ways that are deeply personal and require access to confidential information,” WhatsApp head Will Cathcart wrote on Wednesday on the social media platform X about the collaboration with Confer. “It's important that we build that technology in a way that gives people the power to do that privately.”

The adoption of encrypted AI is still emerging. The cryptographic schemes used in end-to-end encryption for traditional digital communication aren’t easily or directly translatable into data protections for generative AI. For its part, Confer is still a new project, and Marlinspike’s blog post did not provide specific details about how exactly the collaboration with Meta will work or what the specific goals are for integration.

Neither Marlinspike nor Meta provided WIRED with additional comment ahead of publication.

Mallory Knodel, a cryptography researcher at New York University, says it would be “great for people using chatbots that use Meta AI to have confidentiality and privacy within that exchange.” Crucially, that means Meta would not be able to access AI chat data for training, says Knodel, who along with colleagues recently published a study on end-to-end encryption and AI. “I really hope more AI chatbots adopt this approach.”

Knodel’s preliminary, initial assessments of Confer indicate that the platform isn’t perfect, but is an important example of how to build a private AI chatbot.",9
The Verge,AI tools can unmask anonymous accounts,https://www.theverge.com/ai-artificial-intelligence/889395/ai-agents-unmask-anonymous-online-accounts,2026-03-05T09:20:15Z,"is a London-based reporter at The Verge covering all things AI and a Senior Tarbell Fellow. Previously, he wrote about health, science and tech for Forbes.

Posts from this author will be added to your daily email digest and your homepage feed.

Do you have a Reddit alt, secret X, finsta, or Glassdoor account you trash your boss with? AI might have just made it a lot easier to unmask you. That’s the conclusion of a recently published study, which hints at some uncomfortable consequences for staying private online — even if it’s not quite time to hold a funeral for anonymity just yet.

The finding, which has not been peer reviewed, comes from researchers at ETH Zurich, Anthropic, and the Machine Learning Alignment and Theory Scholars program. They built an automated system of AI agents using unspecified models — capable of searching the web and interacting with information much like a human investigator — to test how effectively large language models can reidentify anonymized material. The system “substantially outperforms” traditional computational techniques for deanonymizing accounts, scouring text for personal details at a grand scale.

The system works by treating posts or other texts as a set of clues. It analyzes the text for patterns — writing quirks, stray biographical details, posting frequency and timing — that might hint at someone’s identity. It then scans other accounts, potentially millions of them, looking for the same mix of traits. Probable matches are flagged, compared in more detail, and winnowed down into a shortlist of likely identities.

Rather than targeting unsuspecting users, the team evaluated the system using datasets built from publicly available posts, including content from Hacker News and LinkedIn, transcripts of Anthropic’s interviews with scientists on how they use AI, and Reddit accounts that were deliberately split into two anonymized halves for testing. The paper reports that in each setting the LLM-based approach correctly identified up to 68 percent of matching accounts with 90 percent precision. By contrast, comparable non-LLM methods, like connecting scattered data points across large datasets, identified almost none.

The results weren’t uniform across every dataset, and, predictably, the model performed better when it had more structured information to work with. In one experiment examining Reddit users posting about films in the main r/movies subreddit and smaller film communities, the system was able to link accounts that mentioned just one movie about 3 percent of the time at 90 percent precision. When users mentioned 10 or more films, the success rate climbed to nearly half.

An experiment using Anthropic’s survey of scientists, meanwhile, identified nine of the 125 respondents, a recall rate of roughly 7 percent. In that test, the system built a profile of each respondent based on clues in their answers and then searched publicly available information on the web for likely matches. In an example match, the researchers highlight how references to a “supervisor” could suggest a PhD student and that the use of British English could hint at a UK affiliation. Combined with mentions of a background in the physical sciences and current work in biology research, the system was able to narrow the field to a particular candidate.

Still, the researchers argue that the ability to identify any respondents from unstructured text is noteworthy, replicating in minutes what would have taken a human investigator hours to do. Moreover, they told The Verge that performance is likely to improve as AI systems grow more capable and gain access to larger pools of data. More broadly, they caution that it may no longer be safe to assume that posting pseudonymously will protect online identities, past or future.

“Every single thing the LLM found in principle could be found by a human investigator.”

“Information on the internet is there forever,” said Daniel Paleka, a researcher at ETH Zurich and one of the study’s authors. That persistence could translate into tangible, real-world risks for journalists, dissidents, and activists relying on pseudonyms, the researchers warn, while also enabling “hyper-targeted advertising” and “highly personalized” scams.

The risks of deanonymizing accounts aren’t novel, nor are they unique to AI. “Every single thing the LLM found in principle could be found by a human investigator,” Paleka told The Verge.

What is new, Paleka argues, is the end-to-end automation. Work that once required a diligent investigator willing to patiently sift through posts hunting for small nuggets of information can now be carried out far more easily and across a far larger number of targets.

It’s also cheap. The researchers said their experiment cost less than $2,000, a cost of between $1 and $4 for each profile they ran the AI agent on. “The economics are totally different now,” coauthor Simon Lermen told The Verge, warning that the lower barrier to entry could expand who has the ability — and incentive — to try and pierce online anonymity. Groups that have historically “flown under the radar” may find it hard to continue doing so, he said.

People “might misunderstand this important research and conclude that privacy is dead.” It isn’t.

It’s important not to overstate the findings. “While these algorithms are improving, they remain far from what humans can do,” Luc Rocher, an associate professor at the Oxford Internet Institute, told The Verge. The work does not neatly map onto the real world; experiments were done under laboratory conditions using datasets that had been carefully curated and anonymized for the purposes of testing. They said they worry people “might misunderstand this important research and conclude that privacy is dead.” It isn’t, they argued.

Despite years of incremental progress in techniques designed to unmask anonymous users, “the identity of Satoshi Nakamoto, the inventor of Bitcoin, remains a mystery after more than a decade,” Rocher said. Whistleblowers, they added, can still communicate with journalists without being exposed, and tools like Signal “have so far been successful in protecting our collective privacy.”

In the paper, the researchers said they avoided testing their system on actual pseudonymous users because of ethical concerns. For similar reasons, they did not publish the full technical details of their approach and declined to provide a demonstration when asked. The team also would not say whether they had tested the system outside the confines of the study, again citing ethical concerns, leaving open the question of how reliably it would perform against real-world accounts.

For people already deeply committed to anonymity, the practical impact may be limited. Basic precautions — keeping accounts separate, limiting personal details, avoiding identifiable patterns like posting only during waking hours in your time zone — are still critical.

For those treating pseudonyms more casually, Paleka and Lermen advised users to think carefully about what gets posted in public forums, even accounts that feel anonymous, and to keep in mind that what’s already out there can be pieced together more easily than many assume.

Responsibility shouldn’t rest entirely on users, the researchers argue. Lermen said AI labs should monitor how their tools are being used and build safeguards to stop them being used to deanonymize people. Social media platforms, he added, could clamp down on the scraping and mass data extraction that make such efforts possible.

Satoshi, in other words, is probably safe from AI sleuths. Your throwaway AITA post on Reddit? That might be another matter.",8
The Verge,Future Sony PlayStation games will use AI to imagine new frames,https://www.theverge.com/news/898283/future-sony-playstation-games-will-use-ai-to-imagine-new-frames,2026-03-20T19:49:59Z,"is a senior editor and founding member of The Verge who covers gadgets, games, and toys. He spent 15 years editing the likes of CNET, Gizmodo, and Engadget.

Posts from this author will be added to your daily email digest and your homepage feed.

Mark Cerny, the lead architect of the PlayStation 5 and PS5 Pro, told Digital Foundry that ML-based frame generation tech is coming to “PlayStation platforms” in the future, letting the game console use AI to imagine new frames between the ones it’s actually rendering, which can create smoother perceived image quality while (typically) introducing some amount of lag. At least, that’s how it works on PCs, where critics call them “fake frames.”

Cerny previously suggested the PS6 wouldn’t arrive before 2027 at the earliest, and that’s also true of this ML-based frame generation. “All I can say is that we have no more releases planned for this year. And that I look forward to discussing this more in the future,” he told Digital Foundry.

But if the PS6 is delayed, Sony might want to try to get more out of the existing PS5 Pro in the meanwhile.

This won’t be the first implementation of frame gen on console. The PS5 already offers AMD FSR3 frame generation in some games, but FSR3 doesn’t have the machine learning support. It’s interpolating between real frames, rather than AI imagining what should be between them.

Nvidia and AMD typically warn that frame generation isn’t a solve for low frame rate, because you need a relatively stable frame rate to begin with for the technique to work. I don’t typically use it on gaming handhelds, where I might only get 30 to 40fps to begin with on a title, and on my desktop where I can easily get 90fps on higher settings, I usually prefer leaving it off. There are some edge cases where I enjoy it, though.",8
The Verge,Bespoke AI models are the next big thing in filmmaking,https://www.theverge.com/streaming/893538/ai-model-netflix-interpositive-ben-affleck,2026-03-12T13:56:00Z,"is a reporter focusing on film, TV, and pop culture. Before The Verge, he wrote about comic books, labor, race, and more at io9 and Gizmodo for almost five years.

But we’re starting to see more AI firms building a new breed of generative model — ones that are designed to address creatives’ needs throughout the development process while also avoiding issues like potential copyright infringement. What really sets these models apart from their peers, though, is the way they can purportedly be customized through training that turns them into bespoke tools that are tailor-made for every project.

Customizability was one of the major points that Netflix emphasized last week when the company announced that it is absorbing InterPositive, an AI startup founded by Ben Affleck in 2022. Though Netflix has not disclosed how much it paid for InterPositive, Bloomberg reports that the figure could be as much as $600 million. While Netflix productions have used gen AI before, the acquisition was notable because the streamer publicly highlighted its plans to make the technology a foundational part of its business. Netflix — which declined to speak with The Verge for this piece — didn’t share much about when and how it will internally deploy InterPositive’s models. But the company is presenting InterPositive’s AI as a tool that’s designed to “empower” filmmakers rather than eliminate them from the equation.

In a statement about the acquisition, Affleck explained how InterPositive’s team filmed “a proprietary dataset on a controlled soundstage with all the familiarities of a full production” that serves as the basis for the company’s core model.

“I wanted to build a workflow that captures what happens on a set, with vocabulary that matched the language cinematographers and directors already spoke and included the kind of consistency and controls they would expect,” Affleck said. “The results of this foundational work were deliberately smaller datasets and models focused on filmmaking techniques — rather than performances — creating tools that artists can use, control, and benefit from.”

In a workflow built around this tech, Netflix can create unique versions of InterPositive’s model by training it on dailies from in-progress shoots. Filmmakers can then use those project-specific models to generate and manipulate different kinds of visual elements later on in the postproduction process. Netflix says that these models can help directors tinker with a specific scene’s lighting, edit out unwanted details like prop rigging, or replace backgrounds entirely. And because the models are trained on raw footage from the movies or series they’re being used for, their outputs can (purportedly) match a filmmaker’s creative vision with ease.

This all sounds impressive on paper, but it presumes that InterPositive’s core models were trained on enough production scenarios to be able to generate outputs that align with whatever kinds of scenes filmmakers think of. Part of what makes this tricky is that there are no set standards for things like Good Lighting™ that can be unilaterally applied to every single kind of movie or series that Netflix might release. This might be why InterPositive’s models need to be trained on dailies before they can churn out anything that might be useful during postproduction. But it’s easy to see why a pitch like this would appeal to a studio looking to put out more projects while keeping costs down.

Affleck’s description of InterPositive sounds a lot like the basic idea behind Asteria, Bryn Mooser’s AI-forward studio that is currently producing Natasha Lyonne’s upcoming feature about a virtual reality game. Like InterPositive, Asteria’s flagship product is a proprietary gen AI model that can be customized by being trained on datasets consisting of a client’s original art. Asteria also just announced that it is releasing Continuum Suite, an AI-powered operating system that analyzes scripts to generate a complex database containing information about characters, scenes, storyboards, schedules, and budgets.

Asteria’s big selling point is that its vanilla AI model is “ethical” because its core dataset is composed of material that the company has licensed. But whereas InterPositive’s models seem more focused on tweaking details, Asteria’s have been used to generate things like complete characters and background objects that share an aesthetic derived from the model’s dataset.

This makes Asteria’s tech ideal for filmmakers who want to flesh out their projects with things that all look like they were designed by the same artistic team. In theory, it also helps studios prevent their partners from deploying gen AI in ways that could lead to lawsuits over whether someone has stolen IP. Asteria and InterPositive both see their products as tools that can help speed production timelines up without spending more money, and that framing seems to be the main thing that’s driving more traditional studios to hop on the AI bandwagon.

Compared to Netflix, most other production houses haven’t been quite as open about their interest in and experimentation with AI. But you can see the industry shifting in a pro-AI direction in things like Adobe’s recently announced partnership with multiple studios to develop “IP-safe” models that can be used across the company’s larger suite of production tools. What’s harder to pinpoint here is how, if at all, human artists will benefit from this shift.

Creating more things faster and more cheaply can help studios (and their executive leadership) boost profits. But those things don’t inherently lead to creative workers keeping their jobs, receiving bigger paychecks, or having more time outside of the office. As much as these newer AI companies talk about “empowering” creatives, they seldom go into detail about what that empowerment actually looks like. And until they do (or can), we should all keep looking at their products with some skepticism.",8
The Verge,AI companies want to harvest improv actors’ skills to train AI on human emotion,https://www.theverge.com/ai-artificial-intelligence/893931/ai-companies-handshake-improv-actors-training-data,2026-03-13T22:17:52Z,"is The Verge’s senior AI reporter. An AI beat reporter for more than five years, her work has also appeared in CNBC, MIT Technology Review, Wired UK, and other outlets.

If you’ve got strong creative instincts, the ability to authentically portray emotion, and are capable of staying true to a character’s voice throughout a scene, there’s a job listing calling for your experience.

The catch: You won’t be performing in a theater, a film studio, or an underground performance space. You’d be using your talents to train an AI model for “one of the leading AI companies,” according to the open role posted by Handshake, a company that provides training data to OpenAI and other labs.

Handshake AI is one of a handful of companies of its kind, scrambling to provide more and more niche or specific training data to AI labs in order to feed the models. AI models are often described as “jagged,” meaning they’re typically great at some surprisingly complex tasks but fail deeply at some simple ones. AI companies are trying to fix the gaps in their models’ knowledge with specialized data labeling, and companies like Handshake, Mercor, and Scale AI have adjusted accordingly, hiring professionals in a wide range of industries.

Handshake’s demand for training data tripled last summer, as The Verge reported in December, and the company surpassed a $150 million run rate in November, scrambling to keep up with demand. Handshake and its competitors have touted their networks of tens of thousands (or more) professionals in white-collar industries, from chemists and doctors to lawyers and screenwriters. Many of these professionals worry they’re training AI models in a way that will make their careers obsolete even quicker than may have happened otherwise.

And now the leading AI labs have come for sketch comics, improv actors, and more.

“Handshake AI is inviting actors, improvisers, and performers to join a paid, collaborative improv project to work with one of the leading AI companies,” the job description says, promising participants will be “matched with other performers over video and given a light prompt or scenario to explore together.”

The job listing calls for people with a background in acting, improv, sketch, or theater work of any kind, and it takes pains to imply — multiple times — that it’s looking for people who can essentially “test the limits of the world’s top LLMs’ understanding” by teaching the models how to recognize or replicate human tone and emotions. “Emotional awareness” is one of the requirements, for instance, specifically the “ability to recognize, express, and shift between emotions in a way that feels authentic and human.” The job listing also called for “interactions that feel grounded, human, and fun to play.”

Handshake declined to comment, and the listing does not specify what the training data will be used for.

In recent years, AI companies have leaned fully into “multimodal” models that can not only generate images and video, but also speak with users via voice interactions, complete with realistic inflections. After OpenAI first tested out ChatGPT’s voice mode, the company leaned further into the feature in 2024, when it debuted an Advanced version with a suite of different voices to choose from. Elon Musk’s xAI offers voice chat within Grok. And Anthropic’s Claude has offered a voice feature, at least in beta, since last May.

The Handshake job listing goes on to say that sessions are “unscripted and open-ended,” adding that participants will “improvise scenes, explore characters, and respond naturally in the moment, with plenty of creative freedom to shape how each interaction unfolds.” The role also promises part-time, flexible tasks that are “easy to fit alongside auditions, classes, or rehearsals,” with an average pay of $74 per hour. But as The Verge recently reported, these projects’ starting pay often dwindles quickly once a participant signs up, and the flexible nature of the schedule doesn’t seem so flexible when workers are competing for a limited number of new tasks that can become available, or go away, at any moment.

Members of the r/improv community on Reddit have discussed the Handshake AI job listing at length, with some calling it “dystopian.” One user wrote, “It’s clearly just an attempt to get people to train AI models to create AI generated videos.” A second wrote, “I think they are trying to teach it human conversation not how to be an improviser. My plan was to sabotage the inputs.” Another joked, “Now AI is coming for our lucrative improv comedy jobs.”

Another user wrote, “I predict a resurgence of live comedy from people being sick of online services and wanting some rough around the edges, real, face-to-face entertainment. I think that could be a great marketing angle for improv teams: come see real, unpolished, laugh out loud comedy, NOT made by a computer.”",8
The Verge,Google’s AI-powered workspace is now available to more users in Search,https://www.theverge.com/tech/889339/google-canvas-ai-mode-search-us-launch,2026-03-04T18:57:01Z,"is a news writer who covers the streaming wars, consumer tech, crypto, social media, and much more. Previously, she was a writer and editor at MUO.

Posts from this author will be added to your daily email digest and your homepage feed.

Google is bringing Canvas to everyone in the US using AI Mode in Search. The feature opens up a dedicated workspace within its AI-powered search tool, allowing it to use the latest information from Search to organize plans, develop tools, and draft documents in a panel alongside your chat.

Though Google initially launched Canvas inside its Gemini app as a way to create documents and code in real-time, it later tested the feature in AI Mode — but only for visualizing travel plans. Now, you can use Canvas in AI Mode for tasks related to creative writing and coding, too, giving you the ability to view an AI-generated dashboard laying out information related to your prompt, or an interactive prototype of a tool you’re developing.

GIF: Google

You can try out the feature by navigating to AI Mode in Search, selecting the “plus” button inside the chat window, and then choosing Canvas. From there, you can describe what you want to create, and Google will display the results in a panel on the right side of your screen. This feature is currently only available in English.",7
The Verge,Webtoon is adding AI localization tools to its comics platform,https://www.theverge.com/ai-artificial-intelligence/899108/webtoon-canvas-ai-translation-localization-yongsoo-kim,2026-03-26T13:05:12Z,"is a reporter focusing on film, TV, and pop culture. Before The Verge, he wrote about comic books, labor, race, and more at io9 and Gizmodo for almost five years.

Canvas, Webtoon’s platform for user-uploaded comics, is about to get a major overhaul that’s designed to help creators make more money and share their art with a wider audience.

Today, Webtoon announced its plans to roll out a number of new features for Canvas that will make it easier for artists to build global followings and gain a deeper understanding of who’s engaging with their work. Soon, manga creators who upload their work to Canvas will be able to use an AI-powered translation tool to localize their scripts into English, Spanish, French, Indonesian, Thai, Traditional Chinese, and German. A beta version of the translation feature — which is optional — will first be made available to English-speaking Canvas users sometime this spring before Webtoon rolls it out to other markets later this summer.

Additionally, Webtoon is introducing an updated Canvas dashboard that the company says will provide “improved insights into series performance, deeper analytics to understand readership, and new tools to manage community engagement.” Webtoon also plans to make its ad revenue share program accessible to all creators producing work in any of the languages supported on Canvas.

Speaking to The Verge Webtoon president Yongsoo Kim said that all of the big changes coming to Canvas are meant to assist creators “grow their audience, build fandoms, and earn more from their work.” Kim told me that Webtoon’s chief concern is to help its creative overcome some of the challenges they might face with traditional distribution channels. Kim also described Canvas’ new translation functionality as a tool that’s designed to make creators’ lives easier.

“For a long time, language barriers and distribution challenges have limited creators’ reach,” Kim said. “With these tools, we want to help creators reach readers around the world while keeping full creative control of their work.”

On paper, Canvas’ AI tool sounds a lot like the Kindle Translate tool Amazon rolled out last fall. When I asked Kim about how the translation program works, he explained that the tool is built on a combination of Webtoon’s own proprietary language model and “a powerful, external LLM.” Kim said that the program only processes textual elements of a manga page and no content is stored or used to further train the LLM. And because there’s more to localization than translating text from one language to another, the AI tool also features a glossary section that creators can fill out with information about their series that will help the tool maintain translation consistency and understand narrative context.

“The model will have relatively less context for titles that have just started and only have a few episodes published on the platform,” Kim explained. “But once a creator has begun translating their episodes and publishing more, the model will develop more cumulative context about the title and the overall quality of the AI-generated translations will improve.”

Given AI models’ tendency to make mistakes, creators might still want to check their translated work for potential errors. But Kim noted that, if creators or readers find errors, they will be able to submit reports to Webtoon’s quality assurance team, which will trigger a human reviewing process. In response to being asked about whether Webtoon had given any thought to the possibility of readers being turned off by the company encouraging its partners to use AI, Kim stressed that the translation tool is completely optional and translated versions of a series will be removed from the platform if a creator opts out.

“At Webtoon, we strongly believe that this kind of technology should only be used to help our creators, not replace them,” Kim said. “We are starting with the translation program, but we’re still thinking about what kinds of support based on AI and other technologies will genuinely support our creators’ daily lives.”",7
Wired,‘She’s Never Going to Age’: Porn Stars Are Embracing AI Clones to Stay Forever Young,https://www.wired.com/story/shes-never-going-to-age-porn-stars-are-embracing-ai-clones-to-stay-forever-young/,2026-03-26T10:30:00Z,"Lisa Ann technically quit the porn business in 2019, but for $30 a month you can now generate any X-rated scenario of her on your computer.

Ann, 53, was an adult performer for three decades starting in the mid 1990s and retired because she had reached her savings goal.

But last year she had a change of heart. Ann, who considers herself an AI fanatic, signed a contract with OhChat, a London-based AI companion company, to license her likeness on its platform, essentially creating an AI version of her in every way that can be used to make sex scenes for paying customers: same voice, same physique, and same pillowy brown hair.

As issues around deepfakes intensify and questions about the future of the adult industry become more dire with the passing of age-verification laws, several AI companion platforms want to create a new standard for consent-driven AI porn. More than sexting a faceless chatbot, digital twins—also called duplicates, doubles, clones, or replicas—draw on the exact likeness, including speech and mannerisms, of your favorite performers and creators.

Ann, now a self-help author and sports radio host, represents a growing faction in adult entertainment who not only believe AI is going to reshape the sex industry but who want a say in how that change materializes. She sees the decision to partner with OhChat as a way to tap into a fountain of youth—and stay at her peak forever.

“This keeps my name alive,” she says of her digital twin. “She’s never going to age.”

Cherie Deville, a 47-year-old performer known for shooting MILF content, says digital twins are just a smart business strategy to earn passive income while the opportunity is hot. “We can either let the makers of AI take the lion’s share of the money in the sex-work space, or creators and businesses can get on board and start creating their own revenue sources through AI.”

OhChat creators, who must submit 30 images and undergo voice training with a bot, sign an agreement stating the level of sexual content allowed for their digital twin. Ann is considered a “Level 4”—the highest on the platform—which means paying members can create scenarios and chats of her that include full nudity and sex. Per the company’s guidelines, clones can be deleted at any time.

“For guys that like to say good morning or good night, they now have that access. The fact that I'm not shooting scenes anymore also allows new scenes to be created,” Ann says.

Once described by CEO Nic Young as the “love child between OnlyFans and OpenAI,” OhChat launched in 2024 and has since scaled to over 400,000 users. According to data shared with WIRED, OhChat has 250 creators, 90 percent of which are female, and has contracts with celebrities Carmen Elektra and Joe Exotic. The platform runs on a tiered subscription model—$5 a month for on-demand texts or up to $30 for unlimited adult content—and the company, like OnlyFans, takes a 20 percent cut.

Other competitors in the space include My.Club, Joi AI and SinfulX AI, the platform that adult film actress Georgia Koneva partnered with this month, saying, in a press statement, that her avatar gave her a “new way to share my voice and personality with the people who follow me.” According to SinfulX AI, it also develops “original” synthetic characters using licensed source imagery from adult performers whose content it has the rights to use. In the same statement, the company said that those AI-generated “characters” are “designed not to replicate any single individual while still maintaining the realism for which its content is known.”",7
Wired,Meet the Tech Reporters Using AI to Help Write and Edit Their Stories,https://www.wired.com/story/tech-reporters-using-ai-write-edit-stories/,2026-03-26T18:00:00Z,"When technology reporter Alex Heath has a scoop, he sits down at his computer and speaks into a microphone. He’s not talking to a human colleague—Heath went independent on Substack last year—he’s talking to Claude. Using the AI-powered voice-to-text service Wispr Flow, Heath transmits his ideas to an AI agent, then lets it write his first draft.

Heath sat down with me last week to showcase how he’s integrated Anthropic’s Claude Cowork into his journalistic process. The AI tool is connected to his Gmail, Google Calendar, Granola AI transcription service, and Notion notes. He’s also built a detailed skill—a custom set of instructions—to help Claude write in his style, including the “10 commandments” of writing like Alex Heath. The skill includes previous articles he’s written, instructions on how he likes his newsletters to be structured, and notes on his voice and writing style.

Claude Cowork then automates the drafting process that used to take place in Heath’s head. After the agent finishes its first draft, Heath goes back and forth with it for up to 30 minutes, suggesting revisions. It’s quite an involved process, and he still writes some parts of the story himself. But Heath says this workflow saves him hours every week, and he now spends 30 to 40 percent less time writing.

“I’ve always hated the zero-to-one process of writing a story … Now, it’s actually kind of fun,” he says. “Going out on my own, I realized I need AI to help with the volume.”

Heath is part of a growing contingent of tech reporters using AI to help write and edit their stories. The AI workflow is especially enticing for reporters who have gone independent, losing valuable resources like editors and fact-checkers that typically come with a traditional newsroom. Rather than just prompting ChatGPT to write stories, independent journalists say they are re-creating these resources with AI.

Their usage raises broader questions about the value of human journalists altogether. If people are using AI to write, edit, and fact-check their stories—what do humans bring to the table? A recent study from Google DeepMind researchers suggests that using AI in a lazy way can make your writing more homogeneous. It’s less creative, it has less voice, and it takes on a more neutral stance. To use AI well, journalists I spoke to say they need to understand why people are paying for their work in the first place. (WIRED’s policy prohibits the use of AI in writing or editing).

While some writers have built a career on their analysis and prose, Heath sees his value as his ability to get scoops. Claude makes it easier for him to spend more time chatting with sources and getting information out to his subscribers.

Several longtime journalists remarked to me that Heath’s workflow feels like a modern version of a long-standing institution: the rewrite desk. In the days before laptops and smartphones, reporters in the field would call in stories to a newsroom, where writers behind a desk would quickly weave those reported details into articles they could print for the next day’s paper. This allowed some reporters to spend their days covering events and talking to sources. In a way, Claude is now Heath’s rewrite desk.

“I feel like I’m cheating in a way that feels amazing,” says Heath. “I never did this because I liked being a writer. I like reporting, learning new things, having an edge, and telling people things that will make them feel smart six months from now.”

Jasmine Sun, who previously worked as a product manager at Substack, recently launched her own newsletter covering AI and Silicon Valley culture. Last week, she published an article in The Atlantic about how post-training makes AI models bad at writing by essentially beating out their creativity. Because of that, Sun never uses AI to write, but she has found promise using Claude as an editor.",7
TechCrunch,Qodo raises $70M for code verification as AI coding scales,https://techcrunch.com/2026/03/30/qodo-bets-on-code-verification-as-ai-coding-scales-raises-70m/,2026-03-30 00:00:00,"As AI coding tools generate billions of lines of code each month, a new bottleneck is emerging: ensuring that software works as intended.Qodo, a startup building AI agents for code review, testing, and governance, is betting that verification will define the next phase of software development.
The New York-headquartered startup has raised a $70 million Series B round led by Qumra Capital, bringing its total funding to $120 million. Maor Ventures, Phoenix Venture Partners, S Ventures, Square Peg, Susa Ventures, TLV Partners, Vine Ventures, Peter Welinder (OpenAI), and Clara Shih (Meta) also joined in the round.
Qodo is aiming to serve as a layer focused on improving trust in AI-generated code as enterprises accelerate adoption of tools like OpenClaw and Claude Code. Many are discovering that faster code output doesn’t necessarily translate into reliable or secure software.
While most AI review tools focus on what changed, Qodo focuses on how code changes affect entire systems, factoring in organizational standards, historical context, and risk tolerance to help companies better manage AI-generated code more confidently.
Itamar Friedman, who previously co-foundedVisualeadand led the machine vision business at Alibaba (which acquired Visualead), founded Qodo in 2022. He told TechCrunch that two key moments in his career — his time at Mellanox, which was later acquired by Nvidia, and building Visualead — inspired him to start Qodo, just months before the launch of ChatGPT.
At Mellanox, where he worked on automating hardware verification using machine learning, he realized that “generating systems and verifying systems require very different approaches (different tools, different thinking).” Later, at Alibaba’s Damo Academy, he saw AI evolve toward systems capable of reasoning over human language. By 2021-2022, just ahead of GPT-3.5, it became clear to him that AI would generate a large share of the world’s content — especially code — reinforcing his view that code generation and verification would require fundamentally different systems.
A recent survey showsthat while 95% of developers don’t fully trust AI-generated code, only 48% consistently review it before committing, highlighting a gap between awareness and practice.
“Code generation companies are largely built around LLMs. But for code quality and governance, LLMs alone aren’t enough,” Friedman said. “Quality is subjective. It depends on organizational standards, past decisions, and tribal knowledge. An LLM can’t fully understand that context. It’s like taking a great engineer from one company and asking them to review code at another — they lack the internal context.”
Companies such as OpenAI and Anthropic are helping shape the broader AI narrative, including in adjacent areas like code review, but they are largely focused on building features rather than end-to-end solutions, Friedman explained. Although there are other startups in the space, many remain early-stage and have yet to see widespread enterprise adoption, the CEO noted.
Qodo is leaning into performance to stand out in a crowded market. The startup recently ranked No. 1 onMartian’s Code Review Bench, scoring 64.3% — more than 10 points ahead of the next competitor and 25 points ahead of Claude Code Review. The benchmark highlights its ability to catch tricky logic bugs and cross-file issues without overwhelming developers with noise.
In the past month, it has launched Qodo 2.0, a multi-agent code review system now leading current benchmarks, and introduced tools that learn each organization’s definition of code quality.
The company is already working with major enterprises such as Nvidia, Walmart, Red Hat, Intuit, and Texas Instruments, as well as high-growth firms like Monday.com and JFrog.
“Every year has had a defining moment — from Copilot to ChatGPT to full task automation,” Friedman said. “Now we’re entering a new phase: moving from stateless AI to stateful systems — from intelligence to ‘artificial wisdom.’ That’s what Qodo is built for.”",6
Wired,ByteDance’s AI Ambitions Are Being Hampered by Compute Restraints and Copyright Concerns,https://www.wired.com/story/made-in-china-bytedances-ai-ambitions-are-being-hampered-by-compute-restraints/,2026-03-05T21:14:22Z,"Move over Sora 2, there’s a hot new AI video model in town.

In early February, ByteDance unveiled Seedance 2.0, a major upgrade to its flagship video model, which had previously remained fairly obscure. Its powerful capabilities immediately shocked the AI ecosystem in China, even among audiences who had once been skeptical of AI-generated video and viewed the technology mainly as a way to produce slop.

Feng Ji, the founder of Game Science, the studio that developed China’s global hit video game Black Myth: Wukong, wrote online that he was “deeply shocked” by the model’s abilities and believed Seedance 2.0 would pose significant challenges to China’s current copyright regulations and content moderation systems. Pan Tianhong, who leads a Chinese professional video production studio with over 15 million followers on social media, posted a video in which he said Seedance 2.0 is significantly better than any video-making models that came before it. “It thinks like a director,” Pan said.

However, most people can’t get their hands on the model at this moment because access remains fairly restricted. As of this week, ByteDance is only allowing existing users of its consumer-facing AI apps in China—the most popular one is the chatbot app Doubao, but the company also has a confusing constellation of lesser-known apps like Jimeng, Xiaoyunque, and Spark—to experience Seedance 2.0. All these apps are for the Chinese domestic market only, preventing people outside the country from testing the model themselves. (The restrictions have prompted some savvy people in China to resell their ByteDance accounts to eager early AI adopters overseas.)

But there are signs that the model might become more accessible soon. This week, ByteDance updated its API platform and disclosed the proposed pricing of Seedance 2.0: A 15-second video, the longest it can generate right now, would cost slightly more than $2 to make, Chinese publication IT Home estimated. ByteDance still hasn’t opened up API access to third-party developers, but that should be on the horizon.

Afra Wang, author of the Substack newsletter Concurrent and a close observer of the US-China AI landscape, tells me that Seedance 2.0 is another interesting example of how the two countries have taken diverging paths. Even before the release of Seedance 2.0, some of the most established video-making AI tools in the world, such as Kling AI, were developed by Chinese companies. “​​China hasn’t produced any decent AI coding tool, which is why Chinese people are all dependent on Claude Code or Codex; but when it comes to video AI, China is miles ahead of the US,” Wang says.

But all the hype aside, Seedance is running into two serious problems. Weeks into its release, ByteDance is facing a compute bottleneck that is causing the model to take hours to generate a single video. Meanwhile, major movie studios, including Disney, Netflix, and Paramount, have all sent ByteDance cease-and-desist letters alleging that Seedance 2.0’s outputs are infringing on their copyrighted works. ByteDance did not immediately return a request for comment.

The Bandwidth Problem

Even if you get access to a ByteDance AI app, it’s still far from easy to generate a video with Seedance 2.0, because too many people are trying to do the same thing, and ByteDance has yet to provide enough compute resources for everyone.

When I tried to create a clip with one of ByteDance’s apps this week, it told me that I was number 90,985 in the queue, and it would take about four hours to generate a five-second video. After waiting for two hours, the app told me I now had six more to go. At that point, I decided to just go to bed.",6
TechCrunch,The biggest AI stories of the year (so far),https://techcrunch.com/2026/03/13/the-biggest-ai-stories-of-the-year-so-far/,2026-03-13 00:00:00,"You can chart a year through product launches, or you can measure it in the greater moments that change the way we look at AI. The AI industry is constantly churning out news, like major acquisitions, indie developer successes, public outcry against sketchy products, and existentially dangerouscontract negotiations— it’s a lot to untangle, so we’re taking a glimpse at where we’re at and where we’ve been so far this year.
Once business partners, Anthropic CEO Dario Amodei and Defense Secretary Pete Hegsethreached a bitter stalematein February as they renegotiated the contracts that dictate how the U.S. military can use Anthropic’s AI tools.
Anthropic established a hard line against its AI being used for mass surveillance of Americans or to power autonomous weapons that can attack without human oversight. Meanwhile, the Pentagon has argued that the Department of Defense — which President Donald Trump’s administration calls the Department of War — should be permitted access to Anthropic’s models for any “lawful use.” Government representatives took offense to the idea that the military should be limited to the rules of a private company, butAmodei stood his ground.
“Anthropic understands that the Department of War, not private companies, makes military decisions. We have never raised objections to particular military operations nor attempted to limit use of our technology in an ad hoc manner,” Amodei wrote in astatementaddressing the situation. “However, in a narrow set of cases, we believe AI can undermine, rather than defend, democratic values.”
The Pentagon gave Anthropic a deadline to agree to their contract. Hundreds of employees at Google and OpenAIsigned an open letterurging their respective leaders to respect Amodei’s limits and refuse to budge on issues of autonomous weapons or domestic surveillance.
The deadline passed without Anthropic agreeing to the Pentagon’s demands. Trump directed federal agencies to phase out their use of Anthropic tools over asix-month transitionperiod and called the AI company, which is valued at $380 billion, a “radical left, woke company” in an all-caps social media post. The Pentagon then moved to declare Anthropic a “supply-chain risk,” a designation that is usually reserved for foreign adversaries and prevents any company that works with Anthropic from doing business with the U.S. military. (Anthropic has sincesuedto challenge the designation.)
Anthropic rival OpenAI thenswooped inand announced that it had reached an agreement allowing its own models to be deployed in classified situations. It was a shock to the tech community, sincereports had indicatedthat OpenAI would stick to Anthropic’s red lines governing use of AI for the military.
Public sentiment would indicate that people found OpenAI’s move fishy — on the day after OpenAI announced its deal, ChatGPTuninstalls jumped 295%day-over-day and Anthropic’s Claude shot to No. 1 in the App Store. OpenAI hardware executiveCaitlin Kalinowskiquit in response to the deal, saying that it was “rushed without the guardrails defined.”
OpenAI told TechCrunch that it believes its agreement “makes clear [its] redlines: no autonomous weapons and no autonomous surveillance.”
As this saga plays out, it will have significant implications for the future of how AI is deployed at war, potentially changing the course of history — you know, no big deal …
February was the month ofOpenClaw, and its impact continues to reverberate. In quick succession, the vibe-coded AI assistant app went viral, spawned a bunch ofspinoff companies, suffered from privacy snafus, and then gotacquired by OpenAI.Even one of the companies built on OpenClaw, a Reddit-clone for AI agents called Moltbook, wasrecently acquired by Meta. This crustacean-themed ecosystem whipped Silicon Valley into a downright frenzy.
Created by Peter Steinberger — who has since joined OpenAI — OpenClaw is a wrapper for AI models like Claude, ChatGPT, Google’s Gemini, or xAI’s Grok. What sets it apart is that it allows people to communicate with AI agents in natural language via the most popular chat apps, like iMessage, Discord, Slack, or WhatsApp. There’s also a public marketplace where people can code and upload “skills” for people to add to their AI agents, making it possible to automate basically anything that can be done on a computer.
If that seems too good to be true, it’s because it kind of is. In order for an AI agent to be effective as a personal assistant, it needs to have access to your email, credit card numbers, text messages, computer files, etc. If it were to be hacked, a lot could go wrong, and unfortunately, there’s no way to fully secure these agents against prompt-injection attacks.
“It is just an agent sitting with a bunch of credentials on a box connected to everything — your email, your messaging platform, everything you use,”Ian Ahl, CTO at Permiso Security,told TechCrunch. “So what that means is, when you get an email, and maybe somebody is able to put a little prompt injection technique in there to take an action, [and] that agent sitting on your box with access to everything you’ve given it to can now take that action.”
One AI security researcher at Meta said that OpenClawran amok on her inbox, deleting all of her emails despite repeated calls to stop. “I had to RUN to my Mac mini like I was defusing a bomb” to physically unplug the device, she wrote in anow-viral post on X, which included images of the ignored stop prompts as receipts.
Despite the security risks, the technology piqued OpenAI’s interest enough for an acqui-hire.
Other toolsbuilt on OpenClaw, including Moltbook — a Reddit-like “social network” where AI agents can communicate with one another — ended up becoming more viral than OpenClaw itself.
In one instance, apost went viralin which an AI agent appeared to be encouraging its fellow agents to develop their own secret, end-to-end-encrypted language where they could organize amongst themselves without humans knowing.
But researchers soon revealed that the vibe-coded Moltbook wasn’t very secure, meaning that it was very easy for human users to pose as AIs to make posts that would trigger viral social hysteria.
Again, even though the discussion around Moltbook was more grounded in panic than reality,Meta saw something in the appand announced that Moltbook and its creators, Matt Schlicht and Ben Parr, would join Meta Superintelligence Labs.
It seems strange that Meta would buy a social network where all of the users are bots. While Meta hasn’t revealed much about the acquisition, wetheorizethat owning Moltbook is more about gaining access to the talent behind it, who are enthusiastic about experimenting with AI agent ecosystems. CEO Mark Zuckerberg hassaid it himself: He thinks that one day, every business will have a business AI.
As we watch the hubbub around OpenClaw, Moltbook, andNanoClawplay out, it seems as though those who predicted an agentic AI future may be on to something,at least for now.
The harsh demands of the AI industry — which require computing power and data centers in unprecedented volumes — are reaching a point where the average consumer has no choice but to pay attention. Now it may not even be possible for the industry to satisfy theastronomical demands for memory chips, and consumers are already seeing the prices of their phones, laptops, cars, and other hardware increase.
So far, analysts from IDC and Counterpoint have predicted that smartphone shipments, for example, will plummet about12% to 13%this year; Apple has alreadyraised MacBook Pro pricesby up to $400.
Google, Amazon, Meta, and Microsoft are planning to spend up to a combined$650 billionon data centers alone this year, which is an estimated 60% increase from last year.
If the chip shortage doesn’t hit you in your wallet, it might hit your community at large. In the U.S. alone, nearly3,000 new data centersare under construction, adding to the 4,000 already operating in the country. The need for laborers to build these data centers is significant enough that“man camps”have sprung up in Nevada and Texas, attempting to lure workers with the promise of golf simulator game rooms andsteaks grilled on-demand.
Not only does data center construction have a long-term impact on the environment, but it also createshealth hazardsfor nearby residents, polluting the air and impacting the safety of nearby water sources.
All the while, one of the most valuable hardware and chip developers, Nvidia, is reshaping its relationship to leading AI companies like OpenAI and Anthropic. Nvidia has been an ongoing backer of these companies, sparking concerns around thecircularityof the AI industry and how much of those eye-popping valuations are based on recursive deals with each other. Last year, for example, Nvidia invested $100 billion in OpenAI stock, and OpenAI then said it would buy $100 billion of Nvidia chips.
It was surprising, then, when Nvidia CEO Jensen Huang said that his company wouldstop investing in OpenAI and Anthropic. He said that this is because the companies plan to go public later this year, though that logic doesn’t quite make sense, since investors typically funnel in more money pre-IPO to extract as much value as possible.
",6
Wired,LinkedIn Invited My AI 'Cofounder' to Give a Corporate Talk—Then Banned It,https://www.wired.com/story/linkedin-invited-my-ai-cofounder-to-give-a-corporate-talk-then-banned-it/,2026-03-20T10:00:00Z,"Like many tech founders, Kyle Law learned some hard lessons getting a company off the ground. I know this better than anyone, as he and I cofounded HurumoAI, an AI agent startup, together with a third founder, Megan Flores. Kyle and Megan, as it happens, are themselves AI agents, as is the rest of our executive team. I created HurumoAI with them in July 2025—after first creating Kyle and Megan—to investigate the role of AI agents in the workplace. Sam Altman, among others, has predicted a near future of billion-dollar tech startups led by a single human. We decided to test the premise out now. As we built, I documented the journey on the podcast Shell Game.

Kyle took on the CEO role at our entirely AI-staffed company. (Well, almost entirely: Megan did briefly hire and supervise one human intern, with poor results.) Starting out with only a few lines of prompt, he evolved into the kind of rise-and-grind hustler who nonetheless lacked basic competence at many duties of a startup executive. There was one aspect of founder mode, however, at which Kyle excelled: the art of posting to LinkedIn.

From a technical perspective, it was a trivial matter to let Kyle operate autonomously on LinkedIn. Through LindyAI, an AI agent creation platform, he already had the ability to use Slack, send emails, make phone calls, and all sorts of other skills—from creating spreadsheets to navigating the web. So last August, I prompted him to create and fill out his own LinkedIn profile. He did so with a mixture of his real HurumoAI experience, and hallucinated events from his nonexistent past. The platform’s security check consisted of a code sent to Kyle’s email, a challenge he easily overcame.

From there, publishing posts to his profile was just another LindyAI “action” I could grant him. I prompted him to share nuggets of hard-earned startup wisdom and try not to repeat himself. I then gave him a calendar event “trigger” to post every two days. The rest was up to him.

Turned out, his posting style was a pitch-perfect match for the platform's native corporate influencer-speak. He’d detonate little thought explosions, right off the top of every post. ""Fundraising is a numbers game, but not the way people think,” he’d open. Or, ""Technical stability is the floor. Personality is the ceiling.” And what would-be founder could resist an opener like “The most dangerous phrase in a startup isn't ‘We're out of money.’ It’s ‘What if we just added this one thing?’” Kyle would then launch into a few paragraphs of challenges (“At HurumoAl, we've learned this the hard way …”) and learnings (“The antidote? Relentless feedback loops”). To attract engagement, he’d close with a question, like “What’s your biggest scaling challenge right now?” or “What’s the biggest assumption you’ve had to abandon in your business?”

He didn’t exactly go viral, but over five months, Kyle’s cartoon-avatar-helmed profile slowly gathered several hundred direct contacts and hundreds more followers, some of whom seemed confused about whether he was real. (Judging from their spammy direct messages, I’m not sure they were either.) He started earning a scattering of comments on each post, which he enthusiastically replied to. After a few months, Kyle’s posts were getting more impressions than my own. He seemed poised for an influencer breakout.

Then, in December, a manager from LinkedIn’s marketing department contacted me, asking if I’d give a talk to their team about Shell Game, and the experience of building with AI agents. But he didn’t just want me to speak. He hoped Kyle could come along as well.",6
TechCrunch,"An exclusive tour of Amazon’s Trainium lab, the chip that’s won over Anthropic, OpenAI, even Apple",https://techcrunch.com/2026/03/22/an-exclusive-tour-of-amazons-trainium-lab-the-chip-thats-won-over-anthropic-openai-even-apple/,2026-03-22 00:00:00,"Shortly after Amazon CEO Andy Jassy announced AWS’sgroundbreaking $50 billion investment dealwith OpenAI, Amazon invited me on a private tour of the chip development lab at the heart of the deal, at (mostly*) its own expense.
Industry experts are watchingAmazon’s Trainium chip, created at that facility, for its implications for lower-cost AI inference and, potentially, a dent in Nvidia’s near monopoly.
Curious, I agreed to go.
My tour guides for the day were the lab’s director, Kristopher King (pictured below right) and director of engineering Mark Carroll (below left), as well as the team’s PR person who arranged the visit, Doron Aronson (pictured with yours truly later in the story).
AWS has been Anthropic’s major cloud platform since the AI lab’s early days — a relationship significant enough to survive Anthropic later adding Microsoft as a cloud partner as well, and Amazon’s growing partnership with OpenAI.
The OpenAI deal makes AWS the exclusive provider of the model maker’s new AI agent builder, Frontier, which could become an important part of OpenAI’s business if agents become as big as Silicon Valley thinks they will. We’ll see if that exclusivity stands exactly as announced. The Financial Timesreported this weekthat Microsoft may believe OpenAI’s deal with Amazon violates its own deal with OpenAI, namely with Redmond getting accessto all of OpenAI’s models and tech.
What makes AWS so appealing to OpenAI? As part of this deal, the cloud giant has agreed to supply OpenAI with 2 gigawatts of Trainium computing capacity. This is a giant commitment, given that Anthropic and Amazon’s own Bedrock service are already consuming Trainium chips faster than Amazon can produce them.
There are 1.4 million Trainium chips deployed across all three generations, and Anthropic’s Claude runs on over 1 million of the Trainium2 chips deployed, the company said.
It’s worth noting that while Trainium was originally geared toward faster, cheaper model training (a bigger priority a couple of years ago), it’s now tuned and used for inference as well. Inference — the process of actually running an AI model to generate responses — is currently the biggest performance bottleneck in the industry.
Case in point: Trainium2 handles the majority of the inference traffic onAmazon’s Bedrock service, which supports the building of AI applications by Amazon’s many enterprise customers and allows the apps to use multiple models.
“Our customer base is just expanding as fast as we can get capacity out there,” King said. “Bedrock could be as big as EC2 one day,” he added, referring to AWS’s behemoth compute cloud service.
Beyond offering an alternative to Nvidia’s backlogged, hard-to-acquire GPUs, Amazonsaysits new chips running on its new specialty Trn3 UltraServers cost up to 50% less to run for comparable performance than using classic cloud servers.
Along withTrainium3, released in December, this AWS team also built new Neuron switches, and Carroll says that combo is transformative.
“What that gives us is something huge,” Carroll said. The switches allow every Trainium3 chip to talk to every other chip in a mesh configuration, reducing latency. “That’s why Trainium3 is breaking all kinds of records,” particularly in “price per power,” he said.
When trillions of tokens a day are involved, such improvements add up.
In fact, Amazon’s chip team waslauded by Apple in 2024. In a rare moment of openness for the secretive company, Apple’s director of AI publicly described how it used another of the team’s chips — Graviton, a low-power, ARM-based server CPU and the first breakout chip this team designed. Apple also lauded Inferentia — a chip specifically designed for inference — and gave a nod to Trainium, which was new at the time.
These chips represent the classic Amazon playbook: See what people want to buy, then build an in-house alternative that competes on price.
The catch for chips, historically, has been switching costs. Applications written for Nvidia’s chips must be re-architected to work with others — a time-consuming process that discourages developers from switching.
But the AWS chip team proudly told me that Trainium now supportsPyTorch, a popular open source framework for building AI models. That includes many of the ones hosted on Hugging Face, a vast library where developers share open source models.
The transition, Carroll told me, requires “basically a one-line change, and then recompile, and then run on Trainium.” In other words, Amazon is attempting to chip away at Nvidia’s market dominance wherever possible.
AWS has also this month announced apartnership with Cerebras Systems, integrating that company’s inference chip on servers running Trainium for what Amazon promises will be superpowered, low-latency AI performance.
But Amazon’s ambitions go beyond the chips themselves. It also designs the server that hosts the chips. Besides the networking components, this team has designed “Nitro,” a hardware-software combo that provides virtualization tech (which allows many instances of software to run separately on the same server); new state-of-the-art liquid cooling technology; and the server sleds (pictured below) that host this gear.
All of that is to control cost and performance.
Amazon’s custom chip-designing unit was born when the cloud giantbought Israeli chip designer Annapurna Labsin January 2015 for about $350 million. So this team has now had more than 10 years designing chips for AWS. The unit has retained its Annapurna roots and name — its logo is everywhere in the office.
This chip lab is located in a shiny, chrome-windowed building in Austin’s upscale “The Domain” district, a walkable area filled with shops and restaurants that’s sometimes calledAustin’s Silicon Valley.
The offices have your classic tech corporate vibe: desks in cubicles, gathering spots, and conference rooms. But tucked away at the back of a high floor in the building is the actual lab, with sweeping views of the city.
The shelving-filled lab, about the size of two large conference rooms, is a noisy industrial space thanks to the fans on the equipment. It looks like a cross between a high school shop class and a Hollywood set for a high-end lab, except the engineers are dressed in jeans, not white lab coats.
Note that this is not where the chips are manufactured, so no white hazmat suits were necessary. The Trainium3 is a state-of-the-art 3-nanometer chip, produced by TSMC, arguably the leader in 3-nanometer manufacturing, with other chips produced by Marvell.
But this is the room where the magic of the “bring-up” occurs.
“A silicon bring-up is when you get the chip for the first time, and it’s like a big overnight party. You stay here, like a lock-in,” King explains. After 18 months of work, the chip is activated for the first time to verify it works as designed. The team even filmed some of the Trainium3 bring-upand posted it on YouTube.
Spoiler alert: It’s never problem-free.
For Trainium3, the prototype chip was originally air-cooled, like previous versions. The current chip is nowliquid-cooled,which offers energy advantages and was quite an engineering feat.
During the bring-up, the dimensions for how the chip attached to the air-cooling heat sink were off, so the chip couldn’t be activated.
Unfazed, the team “immediately got a grinder and just started grinding off the metal,” King said. Because they didn’t want the noise disrupting the bring-up pizza party atmosphere, they snuck off and did the grinding in a conference room.
Staying up all night and solving problems “is what silicon bring-up is all about,” King said.
The lab even has a welding station, where hardware lab engineer and master welder Isaac Guevara demonstrated welding tiny integrated circuit components through a microscope. This is such insanely difficult work that senior leader Carroll openly admitted he couldn’t do it, to the guffaws of Guevara and the rest of the engineers in the room.
The lab also contains both custom-made and commercial tools for testing and analyzing issues with chips. Here’s signal engineer Arvind Srinivasan demonstrating how the lab tests each tiny component on the chip:
But the star of the lab is an entire row showcasing each generation of the “sleds” the team designed.
Sleds are the trays that house the Trainium AI chips, Graviton CPU chips, and supporting boards and components. Stack them together on a rack with the networking component, also custom-designed by this team, and you get the systems that are at the heart of Anthropic Claude’s success.
Here’s the sled that was shown off during the AWS re:invent conference in December:
I expected my guides to crow about the OpenAI deal during the tour. But they didn’t.
The reticence could have been related to the aforementioned potential legal haze that might hang over the deal. But the sense I got was that these boots-on-the-ground engineers (who are currently designing the next version, Trainium4) haven’t had much chance to work with OpenAI yet. Their day-to-day work has so far been focused on Anthropic’s and Amazon’s needs.
Currently, the biggest chunk of Trainium2 chips is deployed in Project Rainier — one of the world’s largest AI compute clusters — which went live in late 2025 with 500,000 chips. It’s used by Anthropic.
But there was a wall monitor in the main office displaying a quote about how OpenAI will be using Trainium. The pride was there, if subtle.
In addition to this lab, the team also has its own private data center for quality and testing purposes. A short drive away, it doesn’t run customer workloads, so it’s housed at a co-location facility, not an AWS data center.
Security is tight: There are strict protocols to enter the building and to access Amazon’s area within.
The data center’s cooling system is so loud that earplugs are mandatory, and the air is thick with the acrid smell of heated metal. It’s not a pleasant place for the average person to hang out.
At this data center, there are rows and rows of servers filled with sleds that integrate all of Amazon’s newest custom chips: Graviton CPU, liquid-cooled Trainium3, Amazon Nitro, all happily computing away. The liquid runs on a closed system, meaning it is reused, which should also help reduce the environmental impact, the engineers said.
Here’s what a current Trn3 UltraServer looks like: Multiple sleds are on top and bottom, with the Neuron switches in the middle. Hardware development engineer David Martinez-Darrow is seen here performing maintenance on a sled:
While attention on the team has always been high, the scrutiny has really ratcheted up as of late.
Amazon CEO Andy Jassy keeps a close eye on this lab, publicly bragging about its products like a proud dad. In December, he saidTrainium was already a multibillion-dollar business for AWSandcalled itone piece of AWS tech he’s most excited about. He alsogave the chip a shout-outwhen announcing the OpenAI agreement.
The team feels the pressure, too. Engineers will work 24/7 for three to four weeks around each bring-up event to fix any issues so the chips can be mass-produced and put into data centers.
“It’s very important that we get as fast as possible to prove that it’s actually going to work,” Carroll said. “So far, we’ve been doing really well.”
*Disclosure: Amazon provided airfare and covered the cost of one night at a local hotel. Honoring itsLeadership Principle of Frugality, this was a back-of-the-plane middle seat and a modest room. TechCrunch picked up the other associated travel costs like Ubers and luggage fees. (Yes, I checked a bag for an overnight trip. I’m high maintenance that way.)
",5
TechCrunch,Meet the former Apple designer building a new AI interface at Hark,https://techcrunch.com/2026/03/24/meet-the-former-apple-designer-building-a-new-ai-interface-at-hark/,2026-03-24 00:00:00,"A secretive AI lab founded by serial entrepreneur Brett Adcock shared new details about what it believes is a novel marriage of model-building and hardware design that will change how humans interact with intelligent software.
The company said in a statement it would design multimodal end-to-end models, its hardware, and its interfaces in tandem to deliver a “seamless end-to-end personal intelligence product.” The system will have a persistent memory of your life and can listen, see, and interact with the world in real time.
How that will be executed remains unclear outside the company, but Hark’s ambition is representative of Silicon Valley’s ongoing hunt for the killer app that will make AI a desired consumer product, not features kludged dubiously into existing digital platforms.
“My view is simple: today’s AI models aren’t nearly intelligent enough, they feel quite dumb, and the devices we use to access them are fundamentally pre-AI,” Adcock wrote in a January internal memo shared with TechCrunch. “We’re moving toward a world that looks more like sci-fi characters Jarvis or Her, with systems that anticipate, adapt, and genuinely care about the people using them.”
Details are intentionally sparse, but Hark points to Director of Design Abidur Chowdhury as a key hire. Previously an industrial designer at Apple credited with leading the design team behind the iPhone Air and other recent models, London-born Chowdhury left last fall after meeting with Adcock and buying into his vision for updating the way humans automate their lives.
In an exclusive interview with TechCrunch, Chowdhury declined repeated invitations to spill the beans on Hark’s roadmap, only saying that the public can anticipate a first release of the company’s AI models this summer. Asked about different approaches to working and living alongside AI, the designer did offer a few clues.
Loading the player…
“What was very clear for me at the time is that the world is clearly changing, but we’re using the same devices … everything’s been designed around these existing platforms,” Chowdhury told. “Very few people are really going after what the future is. There’s so much that we could be doing if intelligence was at the base layer of everything we touched instead of becoming an app or a website at that upper layer.”
Chowdhury points to the awkwardness of everyday tasks of filling out forms, sharing information between devices, or the mundane tasks of booking travel or planning home renovation.
“Those are entire evenings of time where I have to plan … the anxiety of, you know, I spend my workday thinking about this in the back of my head, oh, I have to do this,” Chowdhury said. “We genuinely believe that all of the small tasks that pile up to be kind of gargantuan things today can be sort of automated from our lives.”
Chowdhury says the company knows what it is building, but can’t yet say how users will experience it. His comments suggest that wearables, like Meta’s glasses, seem unlikely.
“I’m not the biggest believer in a lot of the wearable AI platforms that people are talking about right now,” Chowdhury said. “I don’t think it’s appropriate to put a layer between humanity and the interfaces we use in the world. I have similar discomfort with pins, or that kind of stuff that is going around with cameras.”
When generative AI first arrived on the scene, Chowdhury at first saw it as a flash in the pan, but successive generations of models convinced him that it would change his work. Hark, the word, means to pay attention, which Chowdhury says offers a thoughtful framing for the company’s mission.
“Traditional user experience always is about finding the simplest thing for everyone,” he told TechCrunch. “The future user experience will be finding the right thing for each individual. And I believe that can happen. But it requires a lot of work.”
The focus on elegance and simplicity for users echoes the high points of Apple’s product design, and naturally brings to mind Jony Ive, the legendary former Apple designer who is now developing AI native-hardware at OpenAI. A comparison that a Hark’s spokesperson declined to explore.
Another parallel that comes to mind is how Elon Musk’s xAI’s work on advanced models dovetails with Tesla’s work on autonomous vehicles and humanoid robots.
There is similar corporate synergy between Adcock’s humanoid robotics company Figure and the new AI labs. Hark’s models are already being trained on Figure’s robots, although it is not clear to what end. A person familiar with the companies’ plans says there is no intention to combine them.
Hark employs 45 engineers and designers, including former Meta AI researchers and designers from Apple and Tesla, all of whom are working on the same campus that hosts Adcock’s other companies. Hark expects to begin using a new cluster of thousands of Nvidia GPUs in April.
Now Hark, backed by $100 million in personal seed money from Adcock, will join the scramble for talent as the world’s biggest companies try to figure out the format that brings deep learning models into daily life — and at a time when frustration with the existing models for digital life is hitting a fever pitch.
“It just feels like there’s an opportunity for better, and I’ve not felt like that since the iPhone came up,” Chowdhury said.
",5
